model,ljung_box_stat_lag5,ljung_box_pvalue_lag5,autocorrelation_ok
ARIMA,3.111338000781024,0.6828255080806535,True
InceptionTime,1.8819854973870416,0.8652217487899421,True
LSTM-FCN,4.980944181908023,0.4182102167991317,True
Naive,2.1041009448686143,0.8345612915856724,True
Random Forest,2.1908492024373944,0.8221566404930036,True
ROCKET,2.9920099501384887,0.7012177422138983,True
SARIMA,7.551116296590441,0.1827714283294786,True
Seasonal Naive,2.4285795445601828,0.787210601056004,True
XGBoost,3.9398745394567816,0.5581046856928482,True
