model,ljung_box_stat_lag5,ljung_box_pvalue_lag5,autocorrelation_ok
ARIMA,3.111338000781024,0.6828255080806535,True
InceptionTime,2.1634509896617105,0.8260973793085507,True
LSTM-FCN,3.4338008891146923,0.6334272094915275,True
Naive,2.1041009448686143,0.8345612915856724,True
Random Forest,2.2279164028874403,0.8167935289758039,True
ROCKET,3.7320547238082615,0.5886010529464231,True
SARIMA,7.551116296590441,0.1827714283294786,True
Seasonal Naive,2.4285795445601828,0.787210601056004,True
XGBoost,6.500889417739164,0.2604824660640812,True
