model,ljung_box_stat_lag5,ljung_box_pvalue_lag5,autocorrelation_ok
ARIMA,3.111338000781024,0.6828255080806535,True
InceptionTime,4.069406597901597,0.539467037174304,True
LSTM-FCN,1.282189267806348,0.936753675054868,True
Naive,2.1041009448686143,0.8345612915856724,True
Random Forest,2.1908492024374118,0.8221566404930012,True
ROCKET,3.743933343674597,0.5868398177287697,True
SARIMA,7.551116296590441,0.1827714283294786,True
Seasonal Naive,2.4285795445601828,0.787210601056004,True
XGBoost,3.9398745394567816,0.5581046856928482,True
