model,ljung_box_stat_lag5,ljung_box_pvalue_lag5,autocorrelation_ok
ARIMA,3.111338000781024,0.6828255080806535,True
InceptionTime,2.3235742750071235,0.8027983185793691,True
LSTM-FCN,5.133800600616281,0.3997703354436563,True
Naive,2.1041009448686143,0.8345612915856724,True
Random Forest,2.190916397526617,0.8221469507801002,True
ROCKET,4.2881969264481,0.5087115852948157,True
SARIMA,7.551116296590441,0.1827714283294786,True
Seasonal Naive,2.4285795445601828,0.787210601056004,True
XGBoost,2.8133910375938163,0.7287285632613116,True
