{
  "RocketRegressor": {
    "num_kernels": {
      "values": [
        500.0,
        1000.0,
        2000.0,
        5000.0,
        10000.0
      ],
      "rmse": [
        4221.739787467154,
        4187.11951833543,
        4430.327422761001,
        4378.05304531853,
        4373.476548842946
      ],
      "mae": [
        3318.052029758333,
        3378.354407632542,
        3653.878924814317,
        3616.173808036628,
        3577.3073912714995
      ]
    }
  },
  "LSTMFCNRegressor": {
    "lstm_size": {
      "values": [
        4.0,
        8.0,
        16.0
      ],
      "rmse": [
        8929.103618644534,
        10815.970243861142,
        8044.516464868793
      ],
      "mae": [
        7965.328511555989,
        9063.251668294271,
        6879.4989827473955
      ]
    },
    "batch_size": {
      "values": [
        8.0,
        16.0
      ],
      "rmse": [
        10815.970243861142,
        11008.7405501478
      ],
      "mae": [
        9063.251668294271,
        8998.779693603516
      ]
    }
  },
  "InceptionTime": {
    "batch_size": {
      "values": [
        8.0,
        16.0,
        32.0
      ],
      "rmse": [
        8790.983678550205,
        9527.145517018576,
        3740.178043663857
      ],
      "mae": [
        7429.567840576172,
        7899.795389811198,
        2910.0595703125
      ]
    },
    "n_filters": {
      "values": [
        16.0,
        32.0,
        64.0
      ],
      "rmse": [
        3146.210472213224,
        9527.145517018576,
        6781.307018461175
      ],
      "mae": [
        2427.0944010416665,
        7899.795389811198,
        6313.977945963542
      ]
    },
    "depth": {
      "values": [
        3.0,
        6.0
      ],
      "rmse": [
        5342.583024754177,
        9527.145517018576
      ],
      "mae": [
        4581.507161458333,
        7899.795389811198
      ]
    }
  }
}