{
  "RocketRegressor": {
    "num_kernels": {
      "values": [
        500.0,
        1000.0,
        2000.0,
        5000.0,
        10000.0
      ],
      "rmse": [
        4221.739787467154,
        4187.11951833543,
        4430.327422761001,
        4378.05304531853,
        4373.476548842946
      ],
      "mae": [
        3318.052029758333,
        3378.354407632542,
        3653.878924814317,
        3616.173808036628,
        3577.3073912714995
      ]
    }
  },
  "LSTMFCNRegressor": {
    "lstm_size": {
      "values": [
        4.0,
        8.0
      ],
      "rmse": [
        10492.994023472433,
        14377.054964801851
      ],
      "mae": [
        9227.252421061197,
        13489.70713297526
      ]
    },
    "batch_size": {
      "values": [
        8.0,
        16.0
      ],
      "rmse": [
        14377.054964801851,
        14064.752267387734
      ],
      "mae": [
        13489.70713297526,
        12739.080810546875
      ]
    }
  },
  "InceptionTime": {
    "batch_size": {
      "values": [
        8.0,
        16.0,
        32.0,
        64.0
      ],
      "rmse": [
        4704.957340340838,
        3546.8696094996067,
        4031.0258973220843,
        10464.546514174463
      ],
      "mae": [
        3949.340087890625,
        2419.7804361979165,
        2899.4285888671875,
        9758.113444010416
      ]
    }
  }
}