{
  "RocketRegressor": {
    "num_kernels": {
      "values": [
        500.0,
        1000.0,
        2000.0,
        5000.0,
        10000.0
      ],
      "rmse": [
        4348.349574902026,
        4264.855086145542,
        4174.223749537521,
        4447.576392623882,
        4298.288175457743
      ],
      "mae": [
        3504.437047592559,
        3522.0243310218316,
        3423.7051898704117,
        3687.9214407912077,
        3512.201164523541
      ]
    }
  },
  "LSTMFCNRegressor": {
    "lstm_size": {
      "values": [
        4.0,
        8.0
      ],
      "rmse": [
        4426.088090322339,
        4060.0716237309744
      ],
      "mae": [
        3552.9960123697915,
        3094.963134765625
      ]
    },
    "batch_size": {
      "values": [
        8.0,
        16.0
      ],
      "rmse": [
        4469.41631545803,
        4360.4258155549005
      ],
      "mae": [
        3525.614501953125,
        3556.9225260416665
      ]
    }
  },
  "InceptionTime": {
    "batch_size": {
      "values": [
        8.0,
        16.0,
        32.0,
        64.0
      ],
      "rmse": [
        3968.5952126297675,
        3886.4924235368035,
        3865.4036636665855,
        3995.6070088961123
      ],
      "mae": [
        2935.6411946614585,
        2790.6526692708335,
        3001.1620279947915,
        2988.7118326822915
      ]
    }
  }
}