{
  "RocketRegressor": {
    "num_kernels": {
      "values": [
        500.0,
        1000.0,
        2000.0,
        5000.0,
        10000.0
      ],
      "rmse": [
        4221.739787467154,
        4187.11951833543,
        4430.327422761001,
        4378.05304531853,
        4373.476548842946
      ],
      "mae": [
        3318.052029758333,
        3378.354407632542,
        3653.878924814317,
        3616.173808036628,
        3577.3073912714995
      ]
    }
  },
  "LSTMFCNRegressor": {
    "lstm_size": {
      "values": [
        4.0,
        8.0,
        16.0
      ],
      "rmse": [
        9179.882469418206,
        9285.959739632106,
        7189.931982420939
      ],
      "mae": [
        8210.17392985026,
        7675.656229654948,
        6438.017496744792
      ]
    },
    "batch_size": {
      "values": [
        8.0,
        16.0
      ],
      "rmse": [
        7189.931982420939,
        6762.077099541529
      ],
      "mae": [
        6438.017496744792,
        5918.576904296875
      ]
    }
  },
  "InceptionTime": {
    "batch_size": {
      "values": [
        8.0,
        16.0,
        32.0
      ],
      "rmse": [
        3455.220784117138,
        3583.013096509948,
        3517.438396294569
      ],
      "mae": [
        2262.690755208334,
        2415.0962727864585,
        2337.5151367187505
      ]
    },
    "n_filters": {
      "values": [
        16.0,
        32.0,
        64.0
      ],
      "rmse": [
        6529.414172925419,
        3455.220784117138,
        5935.866001360503
      ],
      "mae": [
        5668.9975992838545,
        2262.690755208334,
        5540.1328531901045
      ]
    },
    "depth": {
      "values": [
        3.0,
        6.0
      ],
      "rmse": [
        3455.220784117138,
        4280.59900254483
      ],
      "mae": [
        2262.690755208334,
        3363.5555013020835
      ]
    }
  }
}