{
  "RocketRegressor": {
    "num_kernels": {
      "values": [
        500.0,
        1000.0,
        2000.0,
        5000.0,
        10000.0
      ],
      "rmse": [
        4412.289671709039,
        4595.358791644795,
        4232.4298757169645,
        4430.8894442140845,
        4246.906939552106
      ],
      "mae": [
        3627.8695976671297,
        3819.7521765771744,
        3448.351927045184,
        3590.15142155719,
        3373.1734516890297
      ]
    }
  },
  "LSTMFCNRegressor": {
    "lstm_size": {
      "values": [
        4.0,
        8.0
      ],
      "rmse": [
        7471.818223965079,
        6059.324851325607
      ],
      "mae": [
        6079.40966796875,
        5112.0419514973955
      ]
    },
    "batch_size": {
      "values": [
        8.0,
        16.0
      ],
      "rmse": [
        6059.324851325607,
        6382.475932767813
      ],
      "mae": [
        5112.0419514973955,
        5466.5753173828125
      ]
    }
  },
  "InceptionTime": {
    "batch_size": {
      "values": [
        8.0,
        16.0,
        32.0,
        64.0
      ],
      "rmse": [
        4348.058765856738,
        11987.367486753115,
        12171.212354910827,
        12189.267974738428
      ],
      "mae": [
        3389.2440592447915,
        11358.484659830729,
        11587.293579101562,
        11594.279459635416
      ]
    }
  }
}