{
  "RocketRegressor": {
    "num_kernels": {
      "values": [
        500.0,
        1000.0,
        2000.0,
        5000.0,
        10000.0
      ],
      "rmse": [
        4221.739787467154,
        4187.11951833543,
        4430.327422761001,
        4378.05304531853,
        4373.476548842946
      ],
      "mae": [
        3318.052029758333,
        3378.354407632542,
        3653.878924814317,
        3616.173808036628,
        3577.3073912714995
      ]
    }
  },
  "LSTMFCNRegressor": {
    "lstm_size": {
      "values": [
        4.0,
        8.0,
        16.0
      ],
      "rmse": [
        12065.917380593386,
        14638.253681856833,
        6356.334323088957
      ],
      "mae": [
        10841.980458577475,
        12777.045079549154,
        4984.029622395833
      ]
    },
    "batch_size": {
      "values": [
        8.0,
        16.0
      ],
      "rmse": [
        14638.253681856833,
        13304.475310668351
      ],
      "mae": [
        12777.045079549154,
        11287.626853942871
      ]
    }
  },
  "InceptionTime": {
    "batch_size": {
      "values": [
        8.0,
        16.0,
        32.0
      ],
      "rmse": [
        12185.648541800685,
        11156.586319094844,
        11241.416067522658
      ],
      "mae": [
        11551.608846028646,
        10494.574503580729,
        10586.340942382812
      ]
    },
    "n_filters": {
      "values": [
        16.0,
        32.0,
        64.0
      ],
      "rmse": [
        10224.515376985531,
        11156.586319094844,
        12805.824888077008
      ],
      "mae": [
        9556.070678710938,
        10494.574503580729,
        12186.357869466146
      ]
    },
    "depth": {
      "values": [
        3.0,
        6.0
      ],
      "rmse": [
        13724.963757222073,
        11156.586319094844
      ],
      "mae": [
        13201.53114827474,
        10494.574503580729
      ]
    }
  }
}