model,MAE,MSE,RMSE,MAPE(%),MASE,RMSSE,Training_Time_s,Inference_Time_s
RocketRegressor,3410.429140348219,18278918.067509044,4275.38513674605,17.64353115197391,1.3884267405457051,1.3388636259327251,14.83095121383667,0.0
ARIMA,2980.8924430581937,19758652.310759634,4445.070563079919,13.47168037516924,1.2135571824870193,1.3920016796759285,0.8204762935638428,0.0
RandomForest,4794.718061953807,27556536.331324726,5249.1562275585,22.209011473950618,1.9519874176052892,1.64380614029668,1.0749547481536865,0.0
XGBoost,5057.478450520834,30973382.683229268,5563.949878123077,22.95559063712114,2.0589603335725117,1.7423857430541196,0.2666819095611572,0.0
SARIMA,3622.8028606177745,31395284.889160145,5603.149550847286,16.684081422015037,1.4748866375489653,1.754661366016793,1.1482408046722412,0.0
InceptionTime,6260.370035807292,46924861.580150604,6850.172375944317,27.62973660662375,2.5486719722722113,2.145174371940042,173.24738669395447,0.0
SeasonalNaive,6338.0,58052807.416666664,7619.239293831548,28.679343762431657,2.580276064812236,2.38601249279553,1.9788742065429688e-05,0.0
Naive,8145.666666666667,76771726.91666667,8761.947666852768,35.19174809769328,3.316198916367761,2.743858774885403,1.8596649169921875e-05,0.0
LSTMFCNRegressor,8151.5538330078125,79297441.64766252,8904.911097122897,35.83457188606064,3.3185956526251967,2.788628668241238,106.54795551300049,0.0
