model,MAE,MSE,RMSE,MAPE(%),MASE,RMSSE,Training_Time_s,Inference_Time_s
RocketRegressor,3466.2713007500315,18922746.47519843,4346.544050752764,17.897277197161394,1.4111607559909878,1.3611474854160774,17.267451524734497,0.0
ARIMA,2980.8924430581937,19758652.310759634,4445.070563079919,13.47168037516924,1.2135571824870193,1.3920016796759285,0.8342323303222656,0.0
RandomForest,4794.718061953808,27556536.331324734,5249.1562275585,22.209011473950618,1.9519874176052892,1.64380614029668,1.142836093902588,0.0
XGBoost,5057.478450520834,30973382.683229268,5563.949878123077,22.95559063712114,2.0589603335725117,1.7423857430541196,0.3005495071411133,0.0
SARIMA,3622.8028606177745,31395284.889160145,5603.149550847286,16.684081422015037,1.4748866375489653,1.754661366016793,1.1677663326263428,0.0
SeasonalNaive,6338.0,58052807.416666664,7619.239293831548,28.679343762431657,2.580276064812236,2.38601249279553,1.9311904907226562e-05,0.0
InceptionTime,7052.115583801269,77507108.39838599,8455.199589282563,33.52231986083728,2.8710011118920455,2.647798693688575,225.55079460144043,0.0
Naive,8145.666666666667,76771726.91666667,8761.947666852768,35.19174809769328,3.316198916367761,2.743858774885403,6.67572021484375e-06,0.0
LSTMFCNRegressor,8089.179362869264,104586739.06369805,9627.255918697201,36.518631429174356,3.293202255283157,3.014835472085527,81.17470455169678,0.0
