model,MAE,MSE,RMSE,MAPE(%),MASE,RMSSE,Training_Time_s,Inference_Time_s
RandomForest,1665.5373611111113,4370584.345883055,2087.946387522297,8.721414876228895,0.6471527607716969,0.5820837786840085,3.465226411819458,0.0
XGBoost,2230.278157552084,6790417.639960288,2605.8429806802033,11.395815423290465,0.866585584117892,0.7264645001979656,2.5737223625183105,0.0
ARIMA,2022.0475941760512,8246004.218558118,2871.585662758142,10.516579046012497,0.7856765711396744,0.8005490195448003,0.9380514621734619,0.0
InceptionTime,3452.6297498914932,18754795.03352199,3868.7105449382643,17.187999749130395,1.3415363273953678,1.078530400057165,102.40795421600342,0.0
SeasonalNaive,3652.0,17447758.000000004,4177.051352329775,18.86020595224589,1.419002621929518,1.1644905489199486,2.1457672119140625e-05,0.0
LSTMFCNRegressor,3554.2005588107636,19779128.844346013,4325.888657303055,17.718026800868458,1.3810021664336887,1.2059838465475754,62.697038888931274,0.0
RocketRegressor,3583.599082390154,19018285.107373845,4338.938393086111,18.86195840316428,1.392425107846616,1.2096218899191984,14.619831562042236,0.0
SARIMA,3570.7532615752593,25373167.818720024,5037.178557359271,18.1245531390516,1.3874338007772922,1.4042793177525665,1.2604079246520996,0.0
Naive,5642.333333333333,35301809.333333336,5941.532574456975,28.924473748362683,2.192356460514873,1.6563977661409703,7.152557373046875e-06,0.0
