model,MAE,MSE,RMSE,MAPE(%),MASE,RMSSE,Training_Time_s,Inference_Time_s
RandomForest,1696.7250046626173,4365388.264949357,2103.1618899924433,8.831166661969268,0.659270873578759,0.5863256008042157,1.0700035095214844,0.0
XGBoost,1869.438623046875,6147265.162293117,2520.4747055895814,9.895451342559916,0.7263796023110142,0.7026652836848187,0.30570554733276367,0.0
InceptionTime,2976.1252522786463,4863425.347304027,3497.983554750289,14.670311978818628,1.1563881533882934,0.9751780493462624,73.83477210998535,0.0
LSTMFCNRegressor,3158.8791666666666,5627017.086859703,4013.7844847804035,15.715525141385864,1.227398088679773,1.1189745357861944,52.29704189300537,0.0
SeasonalNaive,3652.0,17447758.0,4177.051352329775,18.86020595224589,1.419002621929518,1.1644905489199486,1.5497207641601562e-05,0.0
RocketRegressor,3616.383942286099,18707058.31267312,4393.584570780478,19.069085398059517,1.405163826946271,1.224856310588745,29.766381978988647,0.0
ARIMA,3943.7760323199423,19562550.832623277,4422.95724969429,20.547693371762385,1.532373639146985,1.2330449116152842,0.5276155471801758,0.0
Naive,5642.333333333333,35301809.333333336,5941.532574456975,28.924473748362683,2.192356460514873,1.6563977661409703,2.47955322265625e-05,0.0
SARIMA,9458.491251908807,102199739.2259556,10109.388667271409,47.94702755855106,3.6751434517951824,2.818324833816067,0.05953216552734375,0.0
