model,MAE,MSE,RMSE,MAPE(%),MASE,RMSSE,Training_Time_s,Inference_Time_s
RandomForest,1794.7250542094164,4860053.902676946,2204.552993846359,9.391345749026335,0.6973492764418834,0.6145917082143131,0.10496950149536133,0.0
XGBoost,1773.21337890625,6669653.014691352,2582.5671365312755,9.463738983669806,0.6889908088467878,0.7199755925348018,0.020253419876098633,0.0
ARIMA,2022.0475941760512,8246004.218558118,2871.585662758142,10.516579046012497,0.7856765711396744,0.8005490195448003,1.1331286430358887,0.0
InceptionTime,2289.0431315104165,8338620.914760272,2887.667036685544,11.946253092431146,0.889419004743438,0.8050322318332157,96.89317727088928,0.45015645027160645
LSTMFCNRegressor,3378.49365234375,15332045.72043832,3915.615624705561,17.16300778222263,1.3127303808455681,1.091606734887209,69.2564468383789,0.24671554565429688
SeasonalNaive,3652.0,17447758.000000004,4177.051352329775,18.86020595224589,1.419002621929518,1.1644905489199486,1.7642974853515625e-05,0.0
RocketRegressor,3452.2931970974882,18027155.8206097,4245.839825124082,18.309770720862016,1.3414055581464333,1.1836675998314559,15.389287948608398,0.21665501594543457
SARIMA,3570.7532615752593,25373167.818720024,5037.178557359271,18.1245531390516,1.3874338007772922,1.4042793177525665,1.2049424648284912,0.0
Naive,5642.333333333333,35301809.333333336,5941.532574456975,28.924473748362683,2.192356460514873,1.6563977661409703,8.821487426757812e-06,0.0
