model,MAE,MSE,RMSE,MAPE(%),MASE,RMSSE,Training_Time_s,Inference_Time_s
RocketRegressor,1297.0623118788728,3799948.993333491,1949.3457859839775,6.755661473825272,0.5280496746467465,0.610449838726239,15.389287948608398,0.21665501594543457
LSTMFCNRegressor,2284.5777180989585,8053834.322810333,2837.9278219874327,11.287245824738383,0.9300790792385766,0.88871486716476,69.2564468383789,0.24671554565429688
InceptionTime,3296.808349609375,15958545.556965033,3994.814833877164,16.24250075012409,1.3421703494430735,1.2510012787959757,96.89317727088928,0.45015645027160645
ARIMA,2980.8924430581937,19758652.31075963,4445.070563079919,13.47168037516924,1.2135571824870193,1.3920016796759285,1.1331286430358887,0.0
XGBoost,4518.420817057292,25930391.16552591,5092.189231119157,20.948910404075203,1.8395034845380682,1.5946509425115052,0.020253419876098633,0.0
RandomForest,4870.179177815008,27764035.45165662,5269.15889413639,22.55470326584426,1.9827085458919216,1.6500701005824143,0.10496950149536133,0.0
SARIMA,3622.8028606177745,31395284.889160145,5603.149550847286,16.684081422015037,1.4748866375489653,1.754661366016793,1.2049424648284912,0.0
SeasonalNaive,6338.0,58052807.416666664,7619.239293831548,28.679343762431657,2.580276064812236,2.38601249279553,1.7642974853515625e-05,0.0
Naive,8145.666666666667,76771726.91666666,8761.947666852768,35.19174809769328,3.316198916367761,2.743858774885403,8.821487426757812e-06,0.0
