model,MAE,MSE,RMSE,MAPE(%),MASE,RMSSE,Training_Time_s,Inference_Time_s
RandomForest,1696.7250046626177,4428906.259205466,2103.1618899924433,8.83116666196927,0.6592708735787591,0.5863256008042158,1.0749547481536865,0.0
LSTMFCNRegressor,1807.3885091145833,4920222.560680072,2218.1574697663086,9.204611803713354,0.7022697243370417,0.6183844036579432,106.54795551300049,0.0
InceptionTime,2306.74853515625,6218674.774494489,2493.727085006394,11.134228483891366,0.896298526702846,0.6952085040697333,173.24738669395447,0.0
XGBoost,1869.438623046875,6375315.585474683,2520.4747055895814,9.895451342559916,0.7263796023110142,0.7026652836848187,0.2666819095611572,0.0
ARIMA,2022.0475941760512,8246004.218558117,2871.585662758142,10.516579046012497,0.7856765711396744,0.8005490195448003,0.8204762935638428,0.0
SeasonalNaive,3652.0,17447758.0,4177.051352329775,18.86020595224589,1.419002621929518,1.1644905489199486,1.9788742065429688e-05,0.0
RocketRegressor,3590.0317679414366,18707058.31267312,4325.165697712993,18.95113166923077,1.3949245595616544,1.2057822977661825,14.83095121383667,0.0
SARIMA,3570.7532615752593,25373167.818720024,5037.178557359271,18.1245531390516,1.3874338007772922,1.4042793177525665,1.1482408046722412,0.0
Naive,5642.333333333333,35301809.333333336,5941.532574456975,28.924473748362683,2.192356460514873,1.6563977661409703,1.8596649169921875e-05,0.0
