model,MAE,MSE,RMSE,MAPE(%),MASE,RMSSE,Training_Time_s,Inference_Time_s
RandomForest,1696.7250046626184,4365388.264949361,2103.161889992444,8.831166661969272,0.6592708735787595,0.5863256008042158,1.142836093902588,0.0
XGBoost,1869.438623046875,6147265.162293117,2520.4747055895814,9.895451342559916,0.7263796023110142,0.7026652836848187,0.3005495071411133,0.0
ARIMA,2022.0475941760512,8246004.218558117,2871.585662758142,10.516579046012497,0.7856765711396744,0.8005490195448003,0.8342323303222656,0.0
InceptionTime,2787.115299479167,6218674.774494489,3209.982990214959,13.663601959432295,1.0829474034996747,0.8948884126632122,225.55079460144043,0.0
LSTMFCNRegressor,3084.2835856119796,4920222.560680072,4014.692049165215,15.442834419622269,1.1984136075458856,1.1192275492302497,81.17470455169678,0.0
SeasonalNaive,3652.0,17447758.0,4177.051352329775,18.86020595224589,1.419002621929518,1.1644905489199486,1.9311904907226562e-05,0.0
RocketRegressor,3616.383942286099,18707058.31267312,4393.584570780478,19.069085398059517,1.405163826946271,1.224856310588745,17.267451524734497,0.0
SARIMA,3570.7532615752593,25373167.818720024,5037.178557359271,18.1245531390516,1.3874338007772922,1.4042793177525665,1.1677663326263428,0.0
Naive,5642.333333333333,35301809.333333336,5941.532574456975,28.924473748362683,2.192356460514873,1.6563977661409703,6.67572021484375e-06,0.0
