model,MAE,MSE,RMSE,MAPE(%),MASE,RMSSE,Training_Time_s,Inference_Time_s
RocketRegressor,3466.2713007500315,18922746.47519843,4346.544050752764,17.897277197161394,1.4111607559909878,1.3611474854160774,29.766381978988647,0.0
RandomForest,4794.718061953807,27556536.331324726,5249.1562275585,22.209011473950618,1.9519874176052892,1.64380614029668,1.0700035095214844,0.0
XGBoost,5057.478450520834,30973382.683229268,5563.949878123077,22.95559063712114,2.0589603335725117,1.7423857430541196,0.30570554733276367,0.0
InceptionTime,5345.889762369791,42206461.21589134,6078.970992950177,24.61684240767732,2.176376049063986,1.9036678299713536,73.83477210998535,0.0
LSTMFCNRegressor,5218.765738932291,48301122.86840606,6120.287219627881,24.807420744386,2.124622329446061,1.9166062650573843,52.29704189300537,0.0
ARIMA,7105.135077001436,58438144.91996186,7644.484607870034,30.99843995077017,2.8925859855545357,2.3939182209604324,0.5276155471801758,0.0
Naive,8145.666666666667,76771726.91666667,8761.947666852768,35.19174809769328,3.316198916367761,2.743858774885403,2.47955322265625e-05,0.0
SeasonalNaive,9023.25,94703587.58333333,9731.57682923653,39.8621360187475,3.673473651280689,3.0475042184271937,1.5497207641601562e-05,0.0
SARIMA,9752.549181875196,111428153.24373727,10555.953450244902,42.78397880211881,3.970380123839811,3.3056629191372475,0.05953216552734375,0.0
