model,MAE,MSE,RMSE,MAPE(%),MASE,RMSSE,Training_Time_s,Inference_Time_s
RandomForest,1794.7250542094173,4860053.902676946,2204.552993846359,9.39134574902634,0.6973492764418838,0.6145917082143131,0.10254025459289551,0.0
LSTMFCNRegressor,1744.8326822916667,5273897.082382202,2296.4966976641185,9.218750735677391,0.6779633491238195,0.6402240419103684,69.081862449646,0.25473523139953613
XGBoost,1773.21337890625,6669653.014691352,2582.5671365312755,9.463738983669806,0.6889908088467878,0.7199755925348018,0.01801753044128418,0.0
InceptionTime,2181.5940755208335,7300099.173035303,2701.869569952499,11.520436259351639,0.8476691437979096,0.753235072599532,105.80356359481812,0.41504669189453125
ARIMA,2022.0475941760512,8246004.218558118,2871.585662758142,10.516579046012497,0.7856765711396744,0.8005490195448003,1.0961050987243652,0.0
RocketRegressor,3194.742621466606,17117748.770958085,4137.360121014133,17.05613574607786,1.2413330110216583,1.1534253117841207,15.801480770111084,0.3726470470428467
SeasonalNaive,3652.0,17447758.000000004,4177.051352329775,18.86020595224589,1.419002621929518,1.1644905489199486,1.5974044799804688e-05,0.0
SARIMA,3570.7532615752593,25373167.818720024,5037.178557359271,18.1245531390516,1.3874338007772922,1.4042793177525665,1.1305370330810547,0.0
Naive,5642.333333333333,35301809.333333336,5941.532574456975,28.924473748362683,2.192356460514873,1.6563977661409703,5.7220458984375e-06,0.0
