model,MAE,MSE,RMSE,MAPE(%),MASE,RMSSE,Training_Time_s,Inference_Time_s
RocketRegressor,1293.8857438667674,4037864.096942334,2009.4437282348401,6.73469615910517,0.5267564555855467,0.6292698856458775,15.801480770111084,0.3726470470428467
LSTMFCNRegressor,1518.530517578125,4235097.160063903,2057.9351690624035,7.267564093120874,0.618212046101889,0.6444552839706016,69.081862449646,0.25473523139953613
InceptionTime,1902.3841145833333,6443069.991205215,2538.3203090242996,9.554948972495977,0.7744834643323434,0.794890898485343,105.80356359481812,0.41504669189453125
ARIMA,2980.8924430581937,19758652.31075963,4445.070563079919,13.47168037516924,1.2135571824870193,1.3920016796759285,1.0961050987243652,0.0
XGBoost,4518.420817057292,25930391.16552591,5092.189231119157,20.948910404075203,1.8395034845380682,1.5946509425115052,0.01801753044128418,0.0
RandomForest,4870.179177815009,27764035.45165662,5269.15889413639,22.554703265844264,1.982708545891922,1.6500701005824143,0.10254025459289551,0.0
SARIMA,3622.8028606177745,31395284.889160145,5603.149550847286,16.684081422015037,1.4748866375489653,1.754661366016793,1.1305370330810547,0.0
SeasonalNaive,6338.0,58052807.416666664,7619.239293831548,28.679343762431657,2.580276064812236,2.38601249279553,1.5974044799804688e-05,0.0
Naive,8145.666666666667,76771726.91666666,8761.947666852768,35.19174809769328,3.316198916367761,2.743858774885403,5.7220458984375e-06,0.0
