model,MAE,MSE,RMSE,MAPE(%),MASE,RMSSE,Training_Time_s,Inference_Time_s
RocketRegressor,3512.5960282636825,19011327.526309475,4355.669693057615,17.973318732550442,1.4300201099847434,1.3640052374441294,14.619831562042236,0.0
ARIMA,2980.8924430581937,19758652.31075963,4445.070563079919,13.47168037516924,1.2135571824870193,1.3920016796759285,0.9380514621734619,0.0
XGBoost,4553.018717447917,27945947.88488802,5286.392710051726,20.69355151579039,1.8535887061017613,1.6554669779459867,2.5737223625183105,0.0
SARIMA,3622.8028606177745,31395284.889160145,5603.149550847286,16.684081422015037,1.4748866375489653,1.754661366016793,1.2604079246520996,0.0
RandomForest,5162.687888888889,32034016.814880833,5658.7711041466255,23.188855905364115,2.101792361911646,1.772079603707314,3.465226411819458,0.0
InceptionTime,5220.824622938367,40667615.93921938,6012.526843051619,24.16118949456909,2.1254605258993746,1.8828604283900057,102.40795421600342,0.0
SeasonalNaive,6338.0,58052807.416666664,7619.239293831548,28.679343762431657,2.580276064812236,2.38601249279553,2.1457672119140625e-05,0.0
Naive,8145.666666666667,76771726.91666666,8761.947666852768,35.19174809769328,3.316198916367761,2.743858774885403,7.152557373046875e-06,0.0
LSTMFCNRegressor,8427.870917426215,106482594.09220943,9983.248360549951,40.567658751033015,3.4310876626005062,3.126316734301444,62.697038888931274,0.0
